{
  "properties": {
    "connectionReferences": {
      "shared_sharepointonline": {
        "runtimeSource": "embedded",
        "connection": {},
        "api": {
          "name": "shared_sharepointonline"
        }
      },
      "shared_office365": {
        "runtimeSource": "embedded",
        "connection": {},
        "api": {
          "name": "shared_office365"
        }
      }
    },
    "definition": {
      "$schema": "https://schema.management.azure.com/providers/Microsoft.Logic/schemas/2016-06-01/workflowdefinition.json#",
      "contentVersion": "1.0.0.0",
      "parameters": {
        "$connections": {
          "defaultValue": {},
          "type": "Object"
        },
        "$authentication": {
          "defaultValue": {},
          "type": "SecureObject"
        }
      },
      "triggers": {
        "Recurrence": {
          "recurrence": {
            "frequency": "Day",
            "interval": 1,
            "startTime": "2023-01-27T09:00:00Z"
          },
          "metadata": {
            "operationMetadataId": "6067d41b-343c-482c-9bb2-6862dcb04309"
          },
          "type": "Recurrence"
        }
      },
      "actions": {
        "Get_items": {
          "runAfter": {},
          "metadata": {
            "operationMetadataId": "bfbc6d47-fc5d-4e3c-9a52-555de787947a"
          },
          "type": "OpenApiConnection",
          "inputs": {
            "host": {
              "apiId": "/providers/Microsoft.PowerApps/apis/shared_sharepointonline",
              "connectionName": "shared_sharepointonline",
              "operationId": "GetItems"
            },
            "parameters": {
              "dataset": "https://enguniben.sharepoint.com/sites/UdemyClass",
              "table": "792b6ce3-0ada-4c1b-ad71-0225c361c9ff",
              "$filter": "field_5 eq '@{formatDateTime(utcNow(),'dd')}' and field_6 eq '@{formatDateTime(utcNow(),'MM')}'"
            },
            "authentication": "@parameters('$authentication')"
          }
        },
        "Current_Year": {
          "runAfter": {
            "Get_items": [
              "Succeeded"
            ]
          },
          "metadata": {
            "operationMetadataId": "7a26657d-04ea-4490-a023-0dcdb3d66e62"
          },
          "type": "Compose",
          "inputs": "@formatDateTime(utcNow(),'yyyy')"
        },
        "Get_file_content": {
          "runAfter": {
            "Current_Year": [
              "Succeeded"
            ]
          },
          "metadata": {
            "%252fShared%2bDocuments%252fCourse%2bResources%252fUse%2bCase%2b3%2b-%2bWork%2bAnniversary%2bAutomation%252fwork%2banniversary.png": "/Shared Documents/Course Resources/Use Case 3 - Work Anniversary Automation/work anniversary.png",
            "operationMetadataId": "5dd14dea-6a59-4349-882f-c64a9909153f"
          },
          "type": "OpenApiConnection",
          "inputs": {
            "host": {
              "apiId": "/providers/Microsoft.PowerApps/apis/shared_sharepointonline",
              "connectionName": "shared_sharepointonline",
              "operationId": "GetFileContent"
            },
            "parameters": {
              "dataset": "https://enguniben.sharepoint.com/sites/UdemyClass",
              "id": "%252fShared%2bDocuments%252fCourse%2bResources%252fUse%2bCase%2b3%2b-%2bWork%2bAnniversary%2bAutomation%252fwork%2banniversary.png",
              "inferContentType": true
            },
            "authentication": "@parameters('$authentication')"
          }
        },
        "Initialize_variable": {
          "runAfter": {
            "Get_file_content": [
              "Succeeded"
            ]
          },
          "metadata": {
            "operationMetadataId": "f369ad4d-ad03-4e17-b65c-0be90ba463cc"
          },
          "type": "InitializeVariable",
          "inputs": {
            "variables": [
              {
                "name": "Work Anniversary Image",
                "type": "string",
                "value": "<img src=\"data:image/jpeg;base64,@{outputs('Get_file_content')?['body'].$content}\" alt=\"My Image\" />"
              }
            ]
          }
        },
        "End_with_st": {
          "foreach": "@outputs('Get_items')?['body/value']",
          "actions": {
            "year_joined_st": {
              "runAfter": {},
              "metadata": {
                "operationMetadataId": "6f9b3e6b-4c69-4743-b53f-e6b5d60ccd05"
              },
              "type": "Compose",
              "inputs": "@items('End_with_st')?['field_7']"
            },
            "Condition": {
              "actions": {
                "Send_an_email_(V2)": {
                  "runAfter": {},
                  "metadata": {
                    "operationMetadataId": "3b796615-2e41-4c77-a854-9cc353af5989"
                  },
                  "type": "OpenApiConnection",
                  "inputs": {
                    "host": {
                      "apiId": "/providers/Microsoft.PowerApps/apis/shared_office365",
                      "connectionName": "shared_office365",
                      "operationId": "SendEmailV2"
                    },
                    "parameters": {
                      "emailMessage/To": "@items('End_with_st')?['field_2']",
                      "emailMessage/Subject": "Happy Work Anniversary @{items('End_with_st')?['field_1']}",
                      "emailMessage/Body": "<p>@{variables('Work Anniversary Image')}<br>\nDear @{items('End_with_st')?['field_1']},<br>\nIt's been @{sub(int(outputs('Current_Year')),outputs('year_joined_st'))} &nbsp;years since you've joined us at Capacity Nigeria.<br>\nYour efforts and contributions towrards the growth of the organization is highly commendable and we want to appreciate you for always giving your best.<br>\nWe know we made the right decision when we brought you in @{outputs('year_joined_st')}. We wish you a happy @{sub(int(outputs('Current_Year')),outputs('year_joined_st'))}st year work anniversary with us!<br>\nLooking forward to a renew commitment.<br>\nRegards.</p>",
                      "emailMessage/Importance": "Normal"
                    },
                    "authentication": "@parameters('$authentication')"
                  }
                }
              },
              "runAfter": {
                "year_joined_st": [
                  "Succeeded"
                ]
              },
              "expression": {
                "or": [
                  {
                    "equals": [
                      "@sub(int(outputs('Current_Year')),outputs('year_joined_st'))",
                      1
                    ]
                  },
                  {
                    "equals": [
                      "@sub(int(outputs('Current_Year')),outputs('year_joined_st'))",
                      21
                    ]
                  },
                  {
                    "equals": [
                      "@sub(int(outputs('Current_Year')),outputs('year_joined_st'))",
                      31
                    ]
                  }
                ]
              },
              "metadata": {
                "operationMetadataId": "5e7c521c-6b81-4eb3-b993-f8e029196ff5"
              },
              "type": "If"
            }
          },
          "runAfter": {
            "Initialize_variable": [
              "Succeeded"
            ]
          },
          "metadata": {
            "operationMetadataId": "1fb57d64-50a9-45a1-a141-e9402dc8ad7e"
          },
          "type": "Foreach"
        },
        "End_with_nd": {
          "foreach": "@outputs('Get_items')?['body/value']",
          "actions": {
            "year_joined_nd": {
              "runAfter": {},
              "metadata": {
                "operationMetadataId": "c92e9376-47cb-47a2-add7-e869c0cabf54"
              },
              "type": "Compose",
              "inputs": "yj@{items('End_with_nd')?['field_7']}"
            },
            "Condition_2": {
              "actions": {
                "Send_an_email_(V2)_2": {
                  "runAfter": {},
                  "metadata": {
                    "operationMetadataId": "bb076a0a-0edf-4014-a9eb-eff4ec8eb256"
                  },
                  "type": "OpenApiConnection",
                  "inputs": {
                    "host": {
                      "apiId": "/providers/Microsoft.PowerApps/apis/shared_office365",
                      "connectionName": "shared_office365",
                      "operationId": "SendEmailV2"
                    },
                    "parameters": {
                      "emailMessage/To": "@items('End_with_nd')?['field_2']",
                      "emailMessage/Subject": "Happy Work Anniversary,@{items('End_with_nd')?['field_1']}",
                      "emailMessage/Body": "<p>@{variables('Work Anniversary Image')}<br>\nDear @{items('End_with_nd')?['field_1']},<br>\nIt's been &nbsp;@{sub(int(outputs('Current_Year')),int(outputs('year_joined_nd')))}&nbsp;years since you've joined us at Capacity Nigeria.<br>\nYour efforts and contributions toward the growth of the organization is highly commendable and we want to appreciate you for always giving your best.<br>\nWe know we made the right decision when we brought you in @{outputs('year_joined_nd')}. We wish you a happy @{sub(int(outputs('Current_Year')),int(outputs('year_joined_nd')))}nd year work anniversary with us!<br>\nLooking forward to a renew commitment.<br>\nRegards.</p>",
                      "emailMessage/Importance": "Normal"
                    },
                    "authentication": "@parameters('$authentication')"
                  }
                }
              },
              "runAfter": {
                "year_joined_nd": [
                  "Succeeded"
                ]
              },
              "expression": {
                "or": [
                  {
                    "equals": [
                      "@sub(int(outputs('Current_Year')),int(outputs('year_joined_nd')))",
                      2
                    ]
                  },
                  {
                    "equals": [
                      "@sub(int(outputs('Current_Year')),int(outputs('year_joined_nd')))",
                      22
                    ]
                  },
                  {
                    "equals": [
                      "@sub(int(outputs('Current_Year')),int(outputs('year_joined_nd')))",
                      32
                    ]
                  }
                ]
              },
              "metadata": {
                "operationMetadataId": "b63bd602-c991-4017-b264-10c345b8a063"
              },
              "type": "If"
            }
          },
          "runAfter": {
            "Initialize_variable": [
              "Succeeded"
            ]
          },
          "metadata": {
            "operationMetadataId": "186738a7-1134-49bb-bf00-823e238c0e27"
          },
          "type": "Foreach"
        },
        "End_with_rd": {
          "foreach": "@outputs('Get_items')?['body/value']",
          "actions": {
            "year_joined_rd": {
              "runAfter": {},
              "metadata": {
                "operationMetadataId": "c38fadf8-c424-444b-96e2-82cd3ba261e4"
              },
              "type": "Compose",
              "inputs": "ye@{items('End_with_rd')?['field_7']}"
            },
            "Condition_3": {
              "actions": {
                "Send_an_email_(V2)_3": {
                  "runAfter": {},
                  "metadata": {
                    "operationMetadataId": "e17d6884-9edb-4b72-93cd-994dc79b31b8"
                  },
                  "type": "OpenApiConnection",
                  "inputs": {
                    "host": {
                      "apiId": "/providers/Microsoft.PowerApps/apis/shared_office365",
                      "connectionName": "shared_office365",
                      "operationId": "SendEmailV2"
                    },
                    "parameters": {
                      "emailMessage/To": "@items('End_with_rd')?['field_2']",
                      "emailMessage/Subject": "Happy Work Anniversary @{items('End_with_rd')?['field_1']}",
                      "emailMessage/Body": "<p>@{variables('Work Anniversary Image')}<br>\nDear @{items('End_with_rd')?['field_1']},<br>\nIt's been &nbsp;@{sub(int(outputs('Current_Year')), int(outputs('year_joined_rd')))}&nbsp;years since you've joined us at Capacity Nigeria.<br>\nYour efforts and contributions toward the growth of the organization is highly commendable and we want to appreciate you for always giving your best.<br>\nWe know we made the right decision when we brought you in @{outputs('year_joined_rd')}. We wish you a happy rd@{sub(int(outputs('Current_Year')), int(outputs('year_joined_rd')))} year work anniversary with us!<br>\nLooking forward to a renew commitment.<br>\nRegards.</p>",
                      "emailMessage/Importance": "Normal"
                    },
                    "authentication": "@parameters('$authentication')"
                  }
                }
              },
              "runAfter": {
                "year_joined_rd": [
                  "Succeeded"
                ]
              },
              "expression": {
                "or": [
                  {
                    "equals": [
                      "@sub(int(outputs('Current_Year')), int(outputs('year_joined_rd')))",
                      3
                    ]
                  },
                  {
                    "equals": [
                      "@sub(int(outputs('Current_Year')), int(outputs('year_joined_rd')))",
                      23
                    ]
                  },
                  {
                    "equals": [
                      "@sub(int(outputs('Current_Year')), int(outputs('year_joined_rd')))",
                      33
                    ]
                  }
                ]
              },
              "metadata": {
                "operationMetadataId": "b63bd602-c991-4017-b264-10c345b8a063"
              },
              "type": "If"
            }
          },
          "runAfter": {
            "Initialize_variable": [
              "Succeeded"
            ]
          },
          "metadata": {
            "operationMetadataId": "28c69b01-e045-4a80-a9bc-e900bba5d3fb"
          },
          "type": "Foreach"
        },
        "End_with_th": {
          "foreach": "@outputs('Get_items')?['body/value']",
          "actions": {
            "year_joined_th": {
              "runAfter": {},
              "metadata": {
                "operationMetadataId": "eaf551d8-e857-47ab-beb4-394ccffacce9"
              },
              "type": "Compose",
              "inputs": "@items('End_with_th')?['field_7']"
            },
            "Condition_4": {
              "actions": {
                "Send_an_email_(V2)_4": {
                  "runAfter": {},
                  "metadata": {
                    "operationMetadataId": "dbd5b095-bc46-4e1d-8423-9e83b9a3b902"
                  },
                  "type": "OpenApiConnection",
                  "inputs": {
                    "host": {
                      "apiId": "/providers/Microsoft.PowerApps/apis/shared_office365",
                      "connectionName": "shared_office365",
                      "operationId": "SendEmailV2"
                    },
                    "parameters": {
                      "emailMessage/To": "@items('End_with_th')?['field_2']",
                      "emailMessage/Subject": "Happy Work Anniversary @{items('End_with_th')?['field_1']}",
                      "emailMessage/Body": "<p>@{variables('Work Anniversary Image')}<br>\nDear @{items('End_with_th')?['field_1']},<br>\nIt's been &nbsp;@{sub(int(outputs('Current_Year')),int(outputs('year_joined_th')))}&nbsp;years since you've joined us at Capacity Nigeria.<br>\nYour efforts and contributions toward the growth of the organization is highly commendable and we want to appreciate you for always giving your best.<br>\nWe know we made the right decision when we brought you in @{outputs('year_joined_th')}. We wish you a happy @{sub(int(outputs('Current_Year')),int(outputs('year_joined_th')))}th year work anniversary with us!<br>\nLooking forward to a renew commitment.<br>\nRegards.</p>",
                      "emailMessage/Importance": "Normal"
                    },
                    "authentication": "@parameters('$authentication')"
                  }
                }
              },
              "runAfter": {
                "year_joined_th": [
                  "Succeeded"
                ]
              },
              "expression": {
                "and": [
                  {
                    "not": {
                      "equals": [
                        "@sub(int(outputs('Current_Year')),int(outputs('year_joined_th')))",
                        1
                      ]
                    }
                  },
                  {
                    "not": {
                      "equals": [
                        "@sub(int(outputs('Current_Year')),int(outputs('year_joined_th')))",
                        21
                      ]
                    }
                  },
                  {
                    "not": {
                      "equals": [
                        "@sub(int(outputs('Current_Year')),int(outputs('year_joined_th')))",
                        31
                      ]
                    }
                  },
                  {
                    "not": {
                      "equals": [
                        "@sub(int(outputs('Current_Year')),int(outputs('year_joined_th')))",
                        2
                      ]
                    }
                  },
                  {
                    "not": {
                      "equals": [
                        "@sub(int(outputs('Current_Year')),int(outputs('year_joined_th')))",
                        22
                      ]
                    }
                  },
                  {
                    "not": {
                      "equals": [
                        "@sub(int(outputs('Current_Year')),int(outputs('year_joined_th')))",
                        32
                      ]
                    }
                  },
                  {
                    "not": {
                      "equals": [
                        "@sub(int(outputs('Current_Year')),int(outputs('year_joined_th')))",
                        3
                      ]
                    }
                  },
                  {
                    "not": {
                      "equals": [
                        "@sub(int(outputs('Current_Year')),int(outputs('year_joined_th')))",
                        23
                      ]
                    }
                  },
                  {
                    "not": {
                      "equals": [
                        "@sub(int(outputs('Current_Year')),int(outputs('year_joined_th')))",
                        33
                      ]
                    }
                  }
                ]
              },
              "metadata": {
                "operationMetadataId": "ae3ae315-7acc-4469-83da-3391193d58ce"
              },
              "type": "If"
            }
          },
          "runAfter": {
            "Initialize_variable": [
              "Succeeded"
            ]
          },
          "metadata": {
            "operationMetadataId": "f827d8e4-1298-4518-9101-0727124a5166"
          },
          "type": "Foreach"
        }
      }
    },
    "templateName": null
  },
  "schemaVersion": "1.0.0.0"
}